{
  "slope_pp_per_point": 0.28050935037408037,
  "intercept": -23.56349074332659,
  "r": 0.28648430799000746,
  "r_squared": 0.08207325872451345,
  "p_value": 0.34264381699578556,
  "slope_ci_95": [
    -0.13214059023158667,
    2.0631640510846183
  ],
  "n_firms": 13,
  "target_score_p75": 83.0,
  "revenue_per_client_inr": 3000
}